id,fecha,id_región,región,comuna,provincia,n_votos1,p_1,n_votos2,p_2,n_blancos,p_blancos,n_nulos,p_nulos,n_válidos,n_emitidos
1,05/10/1988,1,De Tarapaca,Arica,Arica,51431,58.77,36078,41.23,1154,1.27,1895,2.09,87509,90558
2,05/10/1988,1,De Tarapaca,Camarones,Arica,67,14.86,384,85.14,15,3.11,17,3.52,451,483
3,05/10/1988,1,De Tarapaca,Camiña,Tamarugal,191,26.90,519,73.10,4,0.55,13,1.79,710,727
4,05/10/1988,1,De Tarapaca,Colchane,Tamarugal,125,18.41,554,81.59,9,1.25,33,4.58,679,721
5,05/10/1988,1,De Tarapaca,General Lagos,Parinacota,17,3.26,504,96.74,2,0.36,25,4.56,521,548
6,05/10/1988,1,De Tarapaca,Huara,Tamarugal,305,36.48,531,63.52,47,5.02,54,5.76,836,937
7,05/10/1988,1,De Tarapaca,Iquique,Iquique,39582,54.27,33354,45.73,828,1.11,1051,1.40,72936,74815
8,05/10/1988,1,De Tarapaca,Pica,Tamarugal,452,37.11,766,62.89,22,1.75,18,1.43,1218,1258
9,05/10/1988,1,De Tarapaca,Pozo Almonte,Tamarugal,1399,44.65,1734,55.35,67,2.06,52,1.60,3133,3252
10,05/10/1988,1,De Tarapaca,Putre,Parinacota,231,13.95,1425,86.05,28,1.63,30,1.75,1656,1714
11,05/10/1988,2,De Antofagasta,Antofagasta,Antofagasta,71109,61.51,44504,38.49,1178,0.99,2153,1.81,115613,118944
12,05/10/1988,2,De Antofagasta,Calama,Loa,39035,61.50,24432,38.50,965,1.47,1260,1.92,63467,65692
13,05/10/1988,2,De Antofagasta,Maria Elena,Tocopilla,5322,52.63,4790,47.37,115,1.10,196,1.88,10112,10423
14,05/10/1988,2,De Antofagasta,Mejillones,Antofagasta,2080,62.65,1240,37.35,39,1.15,42,1.23,3320,3401
15,05/10/1988,2,De Antofagasta,Ollague,Loa,42,27.10,113,72.90,2,1.17,14,8.19,155,171
16,05/10/1988,2,De Antofagasta,San Pedro De Atacama,Loa,603,40.83,874,59.17,29,1.90,21,1.38,1477,1527
17,05/10/1988,2,De Antofagasta,Sierra Gorda,Antofagasta,269,49.36,276,50.64,3,0.54,7,1.26,545,555
18,05/10/1988,2,De Antofagasta,Taltal,Antofagasta,2822,55.31,2280,44.69,83,1.57,116,2.19,5102,5301
19,05/10/1988,2,De Antofagasta,Tocopilla,Tocopilla,8770,60.40,5750,39.60,178,1.18,350,2.33,14520,15048
20,05/10/1988,3,De Atacama,Alto Del Carmen,Huasco,793,33.01,1609,66.99,55,2.20,41,1.64,2402,2498
21,05/10/1988,3,De Atacama,Caldera,Copiapó,2565,53.62,2219,46.38,69,1.40,77,1.56,4784,4930
22,05/10/1988,3,De Atacama,Chañaral,Chañaral,4047,57.65,2973,42.35,103,1.43,90,1.25,7020,7213
23,05/10/1988,3,De Atacama,Copiapo,Arauco,25148,54.63,20886,45.37,751,1.58,643,1.36,46034,47428
24,05/10/1988,3,De Atacama,Diego De Almagro,Chañaral,10279,68.80,4661,31.20,226,1.46,286,1.85,14940,15452
25,05/10/1988,3,De Atacama,Freirina,Huasco,1136,46.41,1312,53.59,41,1.62,47,1.85,2448,2536
26,05/10/1988,3,De Atacama,Huasco,Huasco,2077,54.17,1757,45.83,52,1.32,39,0.99,3834,3925
27,05/10/1988,3,De Atacama,Tierra Amarilla,Copiapó,2720,52.97,2415,47.03,86,1.62,79,1.49,5135,5300
28,05/10/1988,3,De Atacama,Vallenar,Huasco,14528,55.67,11568,44.33,450,1.67,402,1.49,26096,26948
29,05/10/1988,4,De Coquimbo,Andacollo,Elqui,3269,46.96,3692,53.04,160,2.20,141,1.94,6961,7262
30,05/10/1988,4,De Coquimbo,Canela,Illapel,3666,66.07,1883,33.93,107,1.86,82,1.43,5549,5738
31,05/10/1988,4,De Coquimbo,Combarbala,Rancagua,3439,48.67,3627,51.33,136,1.85,134,1.83,7066,7336
32,05/10/1988,4,De Coquimbo,Coquimbo,Copiapó,28684,54.87,23591,45.13,734,1.36,806,1.50,52275,53815
33,05/10/1988,4,De Coquimbo,Illapel,Illapel,10050,64.64,5497,35.36,287,1.78,280,1.74,15547,16114
34,05/10/1988,4,De Coquimbo,La Higuera,Elqui,813,58.70,572,41.30,36,2.50,21,1.46,1385,1442
35,05/10/1988,4,De Coquimbo,La Serena,Elqui,34684,55.48,27829,44.52,777,1.21,760,1.19,62513,64050
36,05/10/1988,4,De Coquimbo,Los Vilos,Illapel,4762,62.62,2842,37.38,94,1.20,122,1.56,7604,7820
37,05/10/1988,4,De Coquimbo,Monte Patria,Limarí,7204,49.32,7402,50.68,247,1.63,320,2.11,14606,15173
38,05/10/1988,4,De Coquimbo,Ovalle,Limarí,22136,52.40,20110,47.60,752,1.72,846,1.93,42246,43844
39,05/10/1988,4,De Coquimbo,Paihuano,Elqui,594,27.01,1605,72.99,42,1.84,36,1.58,2199,2277
40,05/10/1988,4,De Coquimbo,Punitaqui,Limarí,2971,55.42,2390,44.58,99,1.78,113,2.03,5361,5573
41,05/10/1988,4,De Coquimbo,Rio Hurtado,Limarí,719,26.19,2026,73.81,78,2.73,32,1.12,2745,2855
42,05/10/1988,4,De Coquimbo,Salamanca,Illapel,6945,59.96,4638,40.04,134,1.12,255,2.13,11583,11972
43,05/10/1988,4,De Coquimbo,Vicuña,Elqui,4061,38.29,6546,61.71,193,1.75,200,1.82,10607,11000
44,05/10/1988,5,De Valparaiso,Algarrobo,San Antonio,1172,35.18,2159,64.82,37,1.08,43,1.26,3331,3411
45,05/10/1988,5,De Valparaiso,Cabildo,Petorca,6015,65.43,3178,34.57,123,1.30,164,1.73,9193,9480
46,05/10/1988,5,De Valparaiso,Calera,Quillota,16626,66.77,8274,33.23,229,0.90,381,1.49,24900,25510
47,05/10/1988,5,De Valparaiso,Calle Larga,Los Andes,3081,56.71,2352,43.29,60,1.08,72,1.29,5433,5565
48,05/10/1988,5,De Valparaiso,Cartagena,San Antonio,3202,48.25,3434,51.75,75,1.10,116,1.70,6636,6827
49,05/10/1988,5,De Valparaiso,Casablanca,Valparaíso,4093,44.17,5174,55.83,165,1.72,166,1.73,9267,9598
50,05/10/1988,5,De Valparaiso,Catemu,San Felipe,3424,58.22,2457,41.78,88,1.45,91,1.50,5881,6060
51,05/10/1988,5,De Valparaiso,Concon,Santiago,6054,58.97,4212,41.03,125,1.19,140,1.33,10266,10531
52,05/10/1988,5,De Valparaiso,El Quisco,San Antonio,1506,48.53,1597,51.47,36,1.13,36,1.13,3103,3175
53,05/10/1988,5,De Valparaiso,El Tabo,San Antonio,1022,44.92,1253,55.08,17,0.73,29,1.25,2275,2321
54,05/10/1988,5,De Valparaiso,Hijuelas,Quillota,3360,43.98,4280,56.02,139,1.75,142,1.79,7640,7921
55,05/10/1988,5,De Valparaiso,Isla De Pascua,Isla De Pascua,462,42.31,630,57.69,9,0.81,14,1.26,1092,1115
56,05/10/1988,5,De Valparaiso,Juan Fernandez,Valparaíso,37,15.35,204,84.65,5,1.87,21,7.87,241,267
57,05/10/1988,5,De Valparaiso,La Cruz,Quillota,3190,53.14,2813,46.86,47,0.76,96,1.56,6003,6146
58,05/10/1988,5,De Valparaiso,La Ligua,Petorca,8177,56.69,6248,43.31,167,1.13,176,1.19,14425,14768
59,05/10/1988,5,De Valparaiso,Limache,Marga Marga,9147,50.56,8945,49.44,232,1.25,281,1.51,18092,18605
60,05/10/1988,5,De Valparaiso,Llay-Llay,San Felipe,5655,52.77,5062,47.23,129,1.17,154,1.40,10717,11000
61,05/10/1988,5,De Valparaiso,Los Andes,Los Andes,15167,57.82,11066,42.18,271,1.01,299,1.12,26233,26803
62,05/10/1988,5,De Valparaiso,Nogales,Quillota,6362,66.46,3210,33.54,142,1.44,172,1.74,9572,9886
63,05/10/1988,5,De Valparaiso,Olmue,Marga Marga,3172,46.26,3685,53.74,122,1.72,119,1.68,6857,7098
64,05/10/1988,5,De Valparaiso,Panquehue,San Felipe,1544,50.99,1484,49.01,46,1.48,34,1.09,3028,3108
65,05/10/1988,5,De Valparaiso,Papudo,Petorca,864,42.31,1178,57.69,12,0.58,6,0.29,2042,2060
66,05/10/1988,5,De Valparaiso,Petorca,Petorca,3066,61.75,1899,38.25,83,1.60,129,2.49,4965,5177
67,05/10/1988,5,De Valparaiso,Puchuncavi,Valparaíso,2727,48.47,2899,51.53,86,1.49,64,1.11,5626,5776
68,05/10/1988,5,De Valparaiso,Putaendo,San Felipe,4102,58.58,2900,41.42,125,1.73,104,1.44,7002,7231
69,05/10/1988,5,De Valparaiso,Quillota,Quillota,20402,55.14,16601,44.86,326,0.86,585,1.54,37003,37914
70,05/10/1988,5,De Valparaiso,Quilpue,Marga Marga,33231,58.85,23233,41.15,545,0.94,1060,1.83,56464,58069
71,05/10/1988,5,De Valparaiso,Quintero,Valparaíso,4541,49.72,4592,50.28,99,1.05,176,1.87,9133,9408
72,05/10/1988,5,De Valparaiso,Rinconada,Los Andes,2279,59.97,1521,40.03,37,0.96,26,0.67,3800,3863
73,05/10/1988,5,De Valparaiso,San Antonio,San Antonio,26789,64.46,14768,35.54,460,1.08,615,1.44,41557,42632
74,05/10/1988,5,De Valparaiso,San Esteban,Los Andes,4145,58.35,2959,41.65,84,1.15,120,1.64,7104,7308
75,05/10/1988,5,De Valparaiso,San Felipe,San Felipe,15429,54.95,12647,45.05,321,1.12,323,1.12,28076,28720
76,05/10/1988,5,De Valparaiso,Santa Maria,San Felipe,3383,56.70,2583,43.30,76,1.24,84,1.37,5966,6126
77,05/10/1988,5,De Valparaiso,Santo Domingo,San Antonio,1647,45.46,1976,54.54,64,1.71,64,1.71,3623,3751
78,05/10/1988,5,De Valparaiso,Valparaiso,Valparaíso,100411,60.72,64961,39.28,1387,0.82,2435,1.44,165372,169194
79,05/10/1988,5,De Valparaiso,Villa Alemana,Marga Marga,19903,55.00,16284,45.00,339,0.91,700,1.88,36187,37226
80,05/10/1988,5,De Valparaiso,Viña Del Mar,Valparaíso,88666,55.97,69758,44.03,1170,0.72,1999,1.24,158424,161593
81,05/10/1988,5,De Valparaiso,Zapallar,Petorca,944,37.37,1582,62.63,27,1.05,25,0.97,2526,2578
82,05/10/1988,6,Del Libertador Bdo. O'Higgins,Chepica,San Fernando,3692,50.86,3567,49.14,82,1.10,87,1.17,7259,7428
83,05/10/1988,6,Del Libertador Bdo. O'Higgins,Chimbarongo,San Fernando,8168,52.02,7533,47.98,150,0.93,195,1.22,15701,16046
84,05/10/1988,6,Del Libertador Bdo. O'Higgins,Codegua,Rancagua,2540,51.79,2364,48.21,62,1.24,33,0.66,4904,4999
85,05/10/1988,6,Del Libertador Bdo. O'Higgins,Coinco,Ñuble,1792,51.11,1714,48.89,55,1.52,49,1.36,3506,3610
86,05/10/1988,6,Del Libertador Bdo. O'Higgins,Coltauco,Malleco,4503,59.14,3111,40.86,92,1.17,124,1.58,7614,7830
87,05/10/1988,6,Del Libertador Bdo. O'Higgins,Doñihue,Rancagua,5734,67.25,2792,32.75,85,0.97,108,1.24,8526,8719
88,05/10/1988,6,Del Libertador Bdo. O'Higgins,Graneros,Rancagua,8295,64.73,4519,35.27,189,1.44,146,1.11,12814,13149
89,05/10/1988,6,Del Libertador Bdo. O'Higgins,La Estrella,Cardenal Caro,821,42.32,1119,57.68,27,1.37,6,0.30,1940,1973
90,05/10/1988,6,Del Libertador Bdo. O'Higgins,Las Cabras,Rancagua,4549,47.47,5033,52.53,123,1.25,145,1.47,9582,9850
91,05/10/1988,6,Del Libertador Bdo. O'Higgins,Litueche,Cardenal Caro,1341,45.37,1615,54.63,56,1.84,27,0.89,2956,3039
92,05/10/1988,6,Del Libertador Bdo. O'Higgins,Lolol,San Fernando,1557,41.20,2222,58.80,51,1.30,82,2.10,3779,3912
93,05/10/1988,6,Del Libertador Bdo. O'Higgins,Machali,Rancagua,7395,64.56,4060,35.44,111,0.94,193,1.64,11455,11759
94,05/10/1988,6,Del Libertador Bdo. O'Higgins,Malloa,Rancagua,2775,44.42,3472,55.58,70,1.10,61,0.96,6247,6378
95,05/10/1988,6,Del Libertador Bdo. O'Higgins,Marchigue,Cardenal Caro,1690,48.31,1808,51.69,53,1.48,22,0.62,3498,3573
96,05/10/1988,6,Del Libertador Bdo. O'Higgins,Mostazal,Rancagua,5101,55.94,4017,44.06,81,0.87,112,1.20,9118,9311
97,05/10/1988,6,Del Libertador Bdo. O'Higgins,Nancagua,San Fernando,3052,49.76,3081,50.24,74,1.18,57,0.91,6133,6264
98,05/10/1988,6,Del Libertador Bdo. O'Higgins,Navidad,Cardenal Caro,1832,53.61,1585,46.39,50,1.42,50,1.42,3417,3517
99,05/10/1988,6,Del Libertador Bdo. O'Higgins,Olivar,Rancagua,2879,55.82,2279,44.18,56,1.05,99,1.86,5158,5313
100,05/10/1988,6,Del Libertador Bdo. O'Higgins,Palmilla,San Fernando,2127,38.21,3440,61.79,51,0.89,82,1.44,5567,5700
101,05/10/1988,6,Del Libertador Bdo. O'Higgins,Paredones,Cardenal Caro,2366,53.98,2017,46.02,67,1.48,81,1.79,4383,4531
102,05/10/1988,6,Del Libertador Bdo. O'Higgins,Peralillo,San Fernando,2558,45.72,3037,54.28,41,0.72,52,0.91,5595,5688
103,05/10/1988,6,Del Libertador Bdo. O'Higgins,Peumo,Rancagua,4440,60.08,2950,39.92,62,0.82,74,0.98,7390,7526
104,05/10/1988,6,Del Libertador Bdo. O'Higgins,Pichidegua,Rancagua,4608,50.44,4528,49.56,96,1.03,74,0.80,9136,9306
105,05/10/1988,6,Del Libertador Bdo. O'Higgins,Pichilemu,Cardenal Caro,3154,51.24,3001,48.76,73,1.16,92,1.46,6155,6320
106,05/10/1988,6,Del Libertador Bdo. O'Higgins,Placilla,San Fernando,1762,41.95,2438,58.05,68,1.58,33,0.77,4200,4301
107,05/10/1988,6,Del Libertador Bdo. O'Higgins,Pumanque,San Fernando,880,40.26,1306,59.74,25,1.13,10,0.45,2186,2221
108,05/10/1988,6,Del Libertador Bdo. O'Higgins,Quinta De Tilcoco,Rancagua,2982,49.99,2983,50.01,65,1.06,91,1.49,5965,6121
109,05/10/1988,6,Del Libertador Bdo. O'Higgins,Rancagua,Rancagua,62014,62.36,37425,37.64,872,0.86,1381,1.36,99439,101692
110,05/10/1988,6,Del Libertador Bdo. O'Higgins,Rengo,Rancagua,12713,56.76,9683,43.24,214,0.94,247,1.08,22396,22857
111,05/10/1988,6,Del Libertador Bdo. O'Higgins,Requinoa,Rancagua,5089,53.35,4450,46.65,105,1.07,128,1.31,9539,9772
112,05/10/1988,6,Del Libertador Bdo. O'Higgins,San Fernando,San Fernando,17067,56.13,13337,43.87,301,0.97,331,1.07,30404,31036
113,05/10/1988,6,Del Libertador Bdo. O'Higgins,San Vicente,Rancagua,10787,54.12,9143,45.88,205,1.01,207,1.02,19930,20342
114,05/10/1988,6,Del Libertador Bdo. O'Higgins,Santa Cruz,San Fernando,8311,48.57,8801,51.43,164,0.94,205,1.17,17112,17481
115,05/10/1988,7,Del Maule,Cauquenes,Cauquenes,9060,35.54,16431,64.46,271,1.04,287,1.10,25491,26049
116,05/10/1988,7,Del Maule,Chanco,Cauquenes,2337,43.09,3086,56.91,62,1.12,55,0.99,5423,5540
117,05/10/1988,7,Del Maule,Colbun,Rancagua,4667,50.41,4591,49.59,68,0.72,96,1.02,9258,9422
118,05/10/1988,7,Del Maule,Constitucion,Valparaíso,12048,61.30,7607,38.70,218,1.08,296,1.47,19655,20169
119,05/10/1988,7,Del Maule,Curepto,Talca,3700,52.45,3354,47.55,120,1.64,133,1.82,7054,7307
120,05/10/1988,7,Del Maule,Curico,Curicó,31531,57.14,23649,42.86,492,0.87,587,1.04,55180,56259
121,05/10/1988,7,Del Maule,Empedrado,Talca,791,40.09,1182,59.91,31,1.52,39,1.91,1973,2043
122,05/10/1988,7,Del Maule,Hualañe,Curicó,3194,57.75,2337,42.25,84,1.48,45,0.80,5531,5660
123,05/10/1988,7,Del Maule,Licanten,Curicó,1878,53.57,1628,46.43,60,1.66,55,1.52,3506,3621
124,05/10/1988,7,Del Maule,Linares,Linares,20283,48.28,21727,51.72,334,0.78,496,1.16,42010,42840
125,05/10/1988,7,Del Maule,Longavi,Linares,5251,36.16,9272,63.84,128,0.86,204,1.37,14523,14855
126,05/10/1988,7,Del Maule,Maule,Talca,3581,51.73,3342,48.27,62,0.88,71,1.01,6923,7056
127,05/10/1988,7,Del Maule,Molina,Curicó,13167,60.48,8604,39.52,226,1.01,351,1.57,21771,22348
128,05/10/1988,7,Del Maule,Parral,Linares,8801,39.21,13645,60.79,252,1.10,289,1.26,22446,22987
129,05/10/1988,7,Del Maule,Pelarco,Talca,1517,33.55,3004,66.45,50,1.08,41,0.89,4521,4612
130,05/10/1988,7,Del Maule,Pelluhue,Cauquenes,850,29.95,1988,70.05,16,0.55,41,1.42,2838,2895
131,05/10/1988,7,Del Maule,Pencahue,Talca,2388,51.94,2210,48.06,61,1.29,75,1.58,4598,4734
132,05/10/1988,7,Del Maule,Rauco,Curicó,2729,54.90,2242,45.10,60,1.18,65,1.28,4971,5096
133,05/10/1988,7,Del Maule,Retiro,Linares,2257,23.59,7309,76.41,74,0.76,101,1.04,9566,9741
134,05/10/1988,7,Del Maule,Rio Claro,Talca,2309,41.48,3258,58.52,66,1.16,77,1.35,5567,5710
135,05/10/1988,7,Del Maule,Romeral,Curicó,2583,43.92,3298,56.08,52,0.87,68,1.13,5881,6001
136,05/10/1988,7,Del Maule,Sagrada Familia,Curicó,5237,62.45,3149,37.55,110,1.29,60,0.70,8386,8556
137,05/10/1988,7,Del Maule,San Clemente,Talca,9743,51.56,9153,48.44,199,1.03,261,1.35,18896,19356
138,05/10/1988,7,Del Maule,San Javier,Linares,10036,44.11,12717,55.89,269,1.15,303,1.30,22753,23325
139,05/10/1988,7,Del Maule,San Rafael,Talca,1797,47.23,2008,52.77,60,1.53,44,1.13,3805,3909
140,05/10/1988,7,Del Maule,Talca,Talca,57272,63.54,32857,36.46,662,0.72,858,0.94,90129,91649
141,05/10/1988,7,Del Maule,Teno,Curicó,5611,44.91,6882,55.09,127,1.00,142,1.11,12493,12762
142,05/10/1988,7,Del Maule,Vichuquen,Curicó,1124,46.66,1285,53.34,23,0.94,21,0.86,2409,2453
143,05/10/1988,7,Del Maule,Villa Alegre,Linares,3178,39.75,4817,60.25,51,0.63,95,1.17,7995,8141
144,05/10/1988,7,Del Maule,Yerbas Buenas,Linares,2428,37.14,4110,62.86,63,0.94,71,1.06,6538,6672
145,05/10/1988,8,Del Biobio,Antuco,Los Ángeles,1537,58.62,1085,41.38,33,1.22,53,1.96,2622,2708
146,05/10/1988,8,Del Biobio,Arauco,Arauco,7722,57.02,5821,42.98,179,1.29,191,1.37,13543,13913
147,05/10/1988,8,Del Biobio,Bulnes,Ñuble,4906,42.06,6759,57.94,124,1.03,216,1.80,11665,12005
148,05/10/1988,8,Del Biobio,Cabrero,Los Ángeles,6095,54.78,5031,45.22,131,1.15,142,1.25,11126,11399
149,05/10/1988,8,Del Biobio,Cañete,Arauco,6096,47.76,6669,52.24,129,0.99,189,1.44,12765,13083
150,05/10/1988,8,Del Biobio,Chiguayante,Concepción,18337,68.45,8451,31.55,259,0.94,414,1.51,26788,27461
151,05/10/1988,8,Del Biobio,Chillan,Ñuble,46565,55.25,37708,44.75,721,0.84,1098,1.28,84273,86092
152,05/10/1988,8,Del Biobio,Cobquecura,Ñuble,935,27.96,2409,72.04,47,1.37,46,1.34,3344,3437
153,05/10/1988,8,Del Biobio,Coelemu,Ñuble,4987,52.57,4500,47.43,114,1.17,146,1.50,9487,9747
154,05/10/1988,8,Del Biobio,Coihueco,Coihaique,3699,33.49,7346,66.51,90,0.80,170,1.50,11045,11305
155,05/10/1988,8,Del Biobio,Concepcion,Limarí,76065,62.33,45975,37.67,1113,0.89,1362,1.09,122040,124515
156,05/10/1988,8,Del Biobio,Contulmo,Talca,1706,34.83,3192,65.17,49,0.98,70,1.40,4898,5017
157,05/10/1988,8,Del Biobio,Coronel,Elqui,28856,70.81,11893,29.19,457,1.10,456,1.09,40749,41662
158,05/10/1988,8,Del Biobio,Curanilahue,Arauco,10466,61.22,6629,38.78,206,1.17,256,1.46,17095,17557
159,05/10/1988,8,Del Biobio,El Carmen,Ñuble,1824,23.83,5829,76.17,68,0.87,108,1.38,7653,7829
160,05/10/1988,8,Del Biobio,Florida,Concepción,2614,40.38,3859,59.62,129,1.93,93,1.39,6473,6695
161,05/10/1988,8,Del Biobio,Hualqui,Concepción,4973,57.38,3694,42.62,149,1.65,197,2.19,8667,9013
162,05/10/1988,8,Del Biobio,Laja,Los Ángeles,7540,56.66,5767,43.34,210,1.53,201,1.47,13307,13718
163,05/10/1988,8,Del Biobio,Lebu,Arauco,7693,62.52,4611,37.48,160,1.27,134,1.06,12304,12598
164,05/10/1988,8,Del Biobio,Los Alamos,Arauco,4483,59.35,3070,40.65,130,1.66,139,1.78,7553,7822
165,05/10/1988,8,Del Biobio,Los Angeles,Los Ángeles,29775,41.01,42821,58.99,866,1.16,952,1.28,72596,74414
166,05/10/1988,8,Del Biobio,Lota,Concepción,23369,76.77,7073,23.23,345,1.11,297,0.96,30442,31084
167,05/10/1988,8,Del Biobio,Mulchen,Los Ángeles,6579,40.16,9802,59.84,206,1.23,229,1.36,16381,16816
168,05/10/1988,8,Del Biobio,Nacimiento,Los Ángeles,6913,52.10,6355,47.90,244,1.78,189,1.38,13268,13701
169,05/10/1988,8,Del Biobio,Negrete,Los Ángeles,1390,35.82,2490,64.18,41,1.03,56,1.41,3880,3977
170,05/10/1988,8,Del Biobio,Ninhue,Ñuble,1235,34.75,2319,65.25,51,1.40,30,0.83,3554,3635
171,05/10/1988,8,Del Biobio,Ñiquen,Ñuble,1739,28.19,4429,71.81,46,0.73,72,1.15,6168,6286
172,05/10/1988,8,Del Biobio,Pemuco,Ñuble,1168,24.98,3507,75.02,44,0.92,45,0.94,4675,4764
173,05/10/1988,8,Del Biobio,Penco,Concepción,16430,74.97,5485,25.03,231,1.03,266,1.19,21915,22412
174,05/10/1988,8,Del Biobio,Pinto,Ñuble,1358,23.21,4493,76.79,105,1.75,46,0.77,5851,6002
175,05/10/1988,8,Del Biobio,Portezuelo,Ñuble,1491,40.29,2210,59.71,44,1.16,47,1.24,3701,3792
176,05/10/1988,8,Del Biobio,Quilaco,Los Ángeles,778,34.05,1507,65.95,37,1.58,21,0.90,2285,2343
177,05/10/1988,8,Del Biobio,Quilleco,Los Ángeles,1836,32.03,3897,67.97,78,1.32,77,1.31,5733,5888
178,05/10/1988,8,Del Biobio,Quillon,Ñuble,3506,42.55,4733,57.45,140,1.64,143,1.68,8239,8522
179,05/10/1988,8,Del Biobio,Quirihue,Ñuble,3185,48.25,3416,51.75,77,1.14,88,1.30,6601,6766
180,05/10/1988,8,Del Biobio,Ranquil,Ñuble,1483,45.30,1791,54.70,36,1.08,37,1.11,3274,3347
181,05/10/1988,8,Del Biobio,San Carlos,Ñuble,12608,43.93,16091,56.07,320,1.09,365,1.24,28699,29384
182,05/10/1988,8,Del Biobio,San Fabian,Ñuble,675,29.11,1644,70.89,29,1.23,14,0.59,2319,2362
183,05/10/1988,8,Del Biobio,San Ignacio,Ñuble,2731,32.83,5587,67.17,115,1.35,85,1.00,8318,8518
184,05/10/1988,8,Del Biobio,San Nicolas,Ñuble,1929,41.95,2669,58.05,38,0.81,64,1.36,4598,4700
185,05/10/1988,8,Del Biobio,San Pedro De La Paz,Concepción,18880,65.49,9949,34.51,302,1.03,313,1.06,28829,29444
186,05/10/1988,8,Del Biobio,San Rosendo,Los Ángeles,1465,62.88,865,37.12,18,0.76,28,1.18,2330,2376
187,05/10/1988,8,Del Biobio,Santa Barbara,Los Ángeles,1927,21.28,7128,78.72,119,1.27,171,1.83,9055,9345
188,05/10/1988,8,Del Biobio,Santa Juana,Concepción,2119,29.79,4993,70.21,163,2.21,86,1.17,7112,7361
189,05/10/1988,8,Del Biobio,Talcahuano,Concepción,80269,63.62,45910,36.38,1238,0.96,1662,1.29,126179,129079
190,05/10/1988,8,Del Biobio,Tirua,Arauco,1196,30.71,2699,69.29,40,0.99,88,2.19,3895,4023
191,05/10/1988,8,Del Biobio,Tome,Concepción,18933,67.24,9225,32.76,314,1.09,287,1.00,28158,28759
192,05/10/1988,8,Del Biobio,Treguaco,Ñuble,982,34.65,1852,65.35,53,1.80,53,1.80,2834,2940
193,05/10/1988,8,Del Biobio,Tucapel,Los Ángeles,3751,56.18,2926,43.82,72,1.05,97,1.42,6677,6846
194,05/10/1988,8,Del Biobio,Yumbel,Los Ángeles,6145,49.62,6239,50.38,197,1.54,222,1.73,12384,12803
195,05/10/1988,8,Del Biobio,Yungay,Ñuble,3569,41.12,5110,58.88,112,1.26,126,1.41,8679,8917
196,05/10/1988,9,De La Araucania,Angol,Malleco,10375,43.79,13318,56.21,251,1.03,313,1.29,23693,24257
197,05/10/1988,9,De La Araucania,Carahue,Cautín,6844,51.07,6558,48.93,220,1.59,173,1.25,13402,13795
198,05/10/1988,9,De La Araucania,Collipulli,Chacabuco,6335,51.84,5886,48.16,164,1.30,210,1.67,12221,12595
199,05/10/1988,9,De La Araucania,Cunco,Cautín,3731,39.60,5690,60.40,58,0.61,106,1.11,9421,9585
200,05/10/1988,9,De La Araucania,Curacautin,Malleco,3523,34.74,6619,65.26,96,0.93,100,0.97,10142,10338
201,05/10/1988,9,De La Araucania,Curarrehue,Cautín,570,20.16,2257,79.84,42,1.45,26,0.90,2827,2895
202,05/10/1988,9,De La Araucania,Ercilla,Malleco,1494,38.81,2356,61.19,62,1.53,129,3.19,3850,4041
203,05/10/1988,9,De La Araucania,Freire,Cautín,4956,43.19,6519,56.81,204,1.73,129,1.09,11475,11808
204,05/10/1988,9,De La Araucania,Galvarino,Cautín,2515,38.34,4044,61.66,122,1.80,93,1.37,6559,6774
205,05/10/1988,9,De La Araucania,Gorbea,Cautín,3282,38.42,5261,61.58,68,0.78,100,1.15,8543,8711
206,05/10/1988,9,De La Araucania,Lautaro,Cautín,7266,46.39,8397,53.61,158,0.98,282,1.75,15663,16103
207,05/10/1988,9,De La Araucania,Loncoche,Cautín,5151,43.10,6800,56.90,142,1.16,143,1.17,11951,12236
208,05/10/1988,9,De La Araucania,Lonquimay,Malleco,642,14.05,3929,85.95,212,4.41,27,0.56,4571,4810
209,05/10/1988,9,De La Araucania,Los Sauces,Malleco,2148,43.38,2804,56.62,36,0.71,69,1.36,4952,5057
210,05/10/1988,9,De La Araucania,Lumaco,Malleco,1857,31.95,3956,68.05,75,1.25,108,1.80,5813,5996
211,05/10/1988,9,De La Araucania,Melipeuco,Cautín,697,22.38,2418,77.62,33,1.03,41,1.29,3115,3189
212,05/10/1988,9,De La Araucania,Nueva Imperial,Cautín,9327,46.35,10795,53.65,267,1.28,493,2.36,20122,20882
213,05/10/1988,9,De La Araucania,Padre Las Casas,Cautín,9861,45.89,11627,54.11,336,1.51,435,1.95,21488,22259
214,05/10/1988,9,De La Araucania,Perquenco,Cautín,1328,42.19,1820,57.81,32,0.99,44,1.36,3148,3224
215,05/10/1988,9,De La Araucania,Pitrufquen,Cautín,5133,46.08,6007,53.92,142,1.24,156,1.36,11140,11438
216,05/10/1988,9,De La Araucania,Pucon,Cautín,2121,30.05,4938,69.95,53,0.74,86,1.19,7059,7198
217,05/10/1988,9,De La Araucania,Puren,Malleco,2768,37.34,4644,62.66,60,0.79,133,1.75,7412,7605
218,05/10/1988,9,De La Araucania,Renaico,Malleco,2235,44.23,2818,55.77,35,0.68,79,1.53,5053,5167
219,05/10/1988,9,De La Araucania,Saavedra,Cautín,3259,49.96,3264,50.04,100,1.47,172,2.53,6523,6795
220,05/10/1988,9,De La Araucania,Temuco,Cautín,59111,56.86,44852,43.14,824,0.78,1061,1.00,103963,105848
221,05/10/1988,9,De La Araucania,Teodoro Schmidt,Cautín,2468,37.33,4143,62.67,131,1.92,82,1.20,6611,6824
222,05/10/1988,9,De La Araucania,Tolten,Cautín,2076,33.05,4205,66.95,99,1.52,114,1.76,6281,6494
223,05/10/1988,9,De La Araucania,Traiguen,Malleco,5657,46.26,6571,53.74,122,0.98,147,1.18,12228,12497
224,05/10/1988,9,De La Araucania,Victoria,Malleco,8037,44.41,10059,55.59,169,0.91,293,1.58,18096,18558
225,05/10/1988,9,De La Araucania,Vilcun,Cautín,4094,44.64,5077,55.36,68,0.73,107,1.14,9171,9346
226,05/10/1988,9,De La Araucania,Villarrica,Cautín,8210,39.72,12458,60.28,264,1.25,179,0.85,20668,21111
227,05/10/1988,10,De Los Lagos,Ancud,Chiloé,9758,54.08,8284,45.92,148,0.80,242,1.31,18042,18432
228,05/10/1988,10,De Los Lagos,Calbuco,Llanquihue,4524,34.97,8413,65.03,204,1.52,312,2.32,12937,13453
229,05/10/1988,10,De Los Lagos,Castro,Chiloé,8060,52.27,7361,47.73,201,1.27,212,1.34,15421,15834
230,05/10/1988,10,De Los Lagos,Chaiten,Palena,1187,35.39,2167,64.61,33,0.96,55,1.60,3354,3442
231,05/10/1988,10,De Los Lagos,Chonchi,Chiloé,2312,44.68,2862,55.32,66,1.24,64,1.21,5174,5304
232,05/10/1988,10,De Los Lagos,Cochamo,Llanquihue,393,16.87,1936,83.13,21,0.88,49,2.04,2329,2399
233,05/10/1988,10,De Los Lagos,Corral,Concepción,1542,54.28,1299,45.72,27,0.93,29,1.00,2841,2897
234,05/10/1988,10,De Los Lagos,Curaco De Velez,Chiloé,611,39.09,952,60.91,32,1.98,25,1.54,1563,1620
235,05/10/1988,10,De Los Lagos,Dalcahue,Chiloé,1186,32.56,2457,67.44,37,1.00,29,0.78,3643,3709
236,05/10/1988,10,De Los Lagos,Fresia,Llanquihue,3469,50.61,3386,49.39,78,1.11,70,1.00,6855,7003
237,05/10/1988,10,De Los Lagos,Frutillar,Llanquihue,2974,48.50,3158,51.50,62,0.99,67,1.07,6132,6261
238,05/10/1988,10,De Los Lagos,Futaleufu,Palena,178,18.66,776,81.34,13,1.32,17,1.73,954,984
239,05/10/1988,10,De Los Lagos,Futrono,Ranco,2436,37.25,4104,62.75,57,0.85,85,1.27,6540,6682
240,05/10/1988,10,De Los Lagos,Hualaihue,Palena,716,23.58,2320,76.42,58,1.84,66,2.09,3036,3160
241,05/10/1988,10,De Los Lagos,La Union,Ranco,9314,44.11,11801,55.89,174,0.81,269,1.25,21115,21558
242,05/10/1988,10,De Los Lagos,Lago Ranco,Ranco,1585,32.37,3312,67.63,57,1.12,129,2.54,4897,5083
243,05/10/1988,10,De Los Lagos,Lanco,Valdivia,3069,38.47,4909,61.53,43,0.53,116,1.43,7978,8137
244,05/10/1988,10,De Los Lagos,Llanquihue,Llanquihue,3608,50.85,3487,49.15,57,0.79,91,1.26,7095,7243
245,05/10/1988,10,De Los Lagos,Los Lagos,Valdivia,4307,46.95,4867,53.05,78,0.83,134,1.43,9174,9386
246,05/10/1988,10,De Los Lagos,Los Muermos,Llanquihue,2746,33.51,5448,66.49,73,0.87,102,1.22,8194,8369
247,05/10/1988,10,De Los Lagos,Mafil,Valdivia,1492,38.75,2358,61.25,19,0.49,41,1.05,3850,3910
248,05/10/1988,10,De Los Lagos,Mariquina,Valdivia,3994,45.57,4771,54.43,99,1.11,94,1.05,8765,8958
249,05/10/1988,10,De Los Lagos,Maullin,Llanquihue,3354,42.27,4581,57.73,92,1.13,99,1.22,7935,8126
250,05/10/1988,10,De Los Lagos,Osorno,Osorno,41554,58.04,30038,41.96,555,0.76,998,1.36,71592,73145
251,05/10/1988,10,De Los Lagos,Paillaco,Valdivia,4395,42.36,5981,57.64,103,0.97,159,1.49,10376,10638
252,05/10/1988,10,De Los Lagos,Palena,Palena,394,40.49,579,59.51,17,1.70,9,0.90,973,999
253,05/10/1988,10,De Los Lagos,Panguipulli,Valdivia,7255,46.22,8440,53.78,186,1.15,302,1.87,15695,16183
254,05/10/1988,10,De Los Lagos,Puerto Montt,Llanquihue,32465,52.92,28882,47.08,539,0.86,836,1.33,61347,62722
255,05/10/1988,10,De Los Lagos,Puerto Octay,Osorno,2444,48.42,2603,51.58,53,1.03,57,1.11,5047,5157
256,05/10/1988,10,De Los Lagos,Puerto Varas,Llanquihue,5405,44.87,6642,55.13,122,0.99,110,0.90,12047,12279
257,05/10/1988,10,De Los Lagos,Puqueldon,Chiloé,914,43.17,1203,56.83,19,0.88,31,1.43,2117,2167
258,05/10/1988,10,De Los Lagos,Purranque,Osorno,5412,46.59,6204,53.41,100,0.84,149,1.26,11616,11865
259,05/10/1988,10,De Los Lagos,Puyehue,Osorno,2622,46.32,3039,53.68,58,1.00,71,1.23,5661,5790
260,05/10/1988,10,De Los Lagos,Queilen,Chiloé,785,33.07,1589,66.93,47,1.91,43,1.75,2374,2464
261,05/10/1988,10,De Los Lagos,Quellon,Chiloé,2222,32.65,4583,67.35,91,1.30,79,1.13,6805,6975
262,05/10/1988,10,De Los Lagos,Quemchi,Chiloé,1707,36.07,3025,63.93,68,1.41,25,0.52,4732,4825
263,05/10/1988,10,De Los Lagos,Quinchao,Chiloé,2073,48.20,2228,51.80,82,1.81,135,2.99,4301,4518
264,05/10/1988,10,De Los Lagos,Rio Bueno,Ranco,7241,42.00,10001,58.00,150,0.85,254,1.44,17242,17646
265,05/10/1988,10,De Los Lagos,Rio Negro,Osorno,3644,44.81,4489,55.19,81,0.97,95,1.14,8133,8309
266,05/10/1988,10,De Los Lagos,San Juan De La Costa,Osorno,1831,45.56,2188,54.44,35,0.85,87,2.10,4019,4141
267,05/10/1988,10,De Los Lagos,San Pablo,Osorno,2696,48.12,2907,51.88,48,0.84,92,1.60,5603,5743
268,05/10/1988,10,De Los Lagos,Valdivia,Valdivia,43110,65.38,22827,34.62,621,0.93,557,0.83,65937,67115
269,05/10/1988,11,Aisen Del Gral. Carlos Ibañez,Aisen,Aisén,4690,57.96,3402,42.04,86,1.04,98,1.18,8092,8276
270,05/10/1988,11,Aisen Del Gral. Carlos Ibañez,Chile Chico,General Carrera,1087,46.83,1234,53.17,21,0.89,9,0.38,2321,2351
271,05/10/1988,11,Aisen Del Gral. Carlos Ibañez,Cisnes,Aisén,603,33.97,1172,66.03,32,1.74,29,1.58,1775,1836
272,05/10/1988,11,Aisen Del Gral. Carlos Ibañez,Cochrane,Capitán Prat,505,37.13,855,62.87,13,0.94,11,0.79,1360,1384
273,05/10/1988,11,Aisen Del Gral. Carlos Ibañez,Coyhaique,Valdivia,11508,52.59,10376,47.41,209,0.94,248,1.11,21884,22341
274,05/10/1988,11,Aisen Del Gral. Carlos Ibañez,Guaitecas,Aisén,114,24.46,352,75.54,5,1.05,6,1.26,466,477
275,05/10/1988,11,Aisen Del Gral. Carlos Ibañez,Lago Verde,Coihaique,156,35.37,285,64.63,6,1.31,10,2.19,441,457
276,05/10/1988,11,Aisen Del Gral. Carlos Ibañez,O'Higgins,Capitán Prat,8,4.79,159,95.21,4,2.33,1,0.58,167,172
277,05/10/1988,11,Aisen Del Gral. Carlos Ibañez,Rio Ibañez,General Carrera,561,30.93,1253,69.07,28,1.50,20,1.07,1814,1862
278,05/10/1988,11,Aisen Del Gral. Carlos Ibañez,Tortel,Capitán Prat,13,7.98,150,92.02,2,1.18,4,2.37,163,169
279,05/10/1988,12,De Magallanes Y Antartica Ch.,Antartica,Antártica,2,3.77,51,96.23,0,0.00,0,0.00,53,53
280,05/10/1988,12,De Magallanes Y Antartica Ch.,Laguna Blanca,Magallanes,55,32.54,114,67.46,1,0.58,1,0.58,169,171
281,05/10/1988,12,De Magallanes Y Antartica Ch.,Natales,Última Esperanza,6109,55.00,4998,45.00,171,1.50,104,0.91,11107,11382
282,05/10/1988,12,De Magallanes Y Antartica Ch.,Navarino,Antártica,127,14.38,756,85.62,7,0.78,9,1.00,883,899
283,05/10/1988,12,De Magallanes Y Antartica Ch.,Porvenir,Tierra Del Fuego,1641,49.15,1698,50.85,37,1.09,15,0.44,3339,3391
284,05/10/1988,12,De Magallanes Y Antartica Ch.,Primavera,Tierra Del Fuego,336,54.90,276,45.10,4,0.64,9,1.44,612,625
285,05/10/1988,12,De Magallanes Y Antartica Ch.,Punta Arenas,Magallanes,39864,59.48,27156,40.52,589,0.86,793,1.16,67020,68402
286,05/10/1988,12,De Magallanes Y Antartica Ch.,Rio Verde,Magallanes,33,28.95,81,71.05,0,0.00,2,1.72,114,116
287,05/10/1988,12,De Magallanes Y Antartica Ch.,San Gregorio,Magallanes,97,31.09,215,68.91,1,0.32,1,0.32,312,314
288,05/10/1988,12,De Magallanes Y Antartica Ch.,Timaukel,Tierra Del Fuego,79,39.30,122,60.70,0,0.00,0,0.00,201,201
289,05/10/1988,12,De Magallanes Y Antartica Ch.,Torres Del Paine,Última Esperanza,29,26.13,82,73.87,3,2.63,0,0.00,111,114
290,05/10/1988,13,Metropolitana,Alhue,Melipilla,1079,50.05,1077,49.95,39,1.75,28,1.26,2156,2223
291,05/10/1988,13,Metropolitana,Buin,Maipo,12753,47.41,14148,52.59,315,1.14,328,1.19,26901,27544
292,05/10/1988,13,Metropolitana,Calera De Tango,Maipo,2709,44.12,3431,55.88,52,0.83,61,0.98,6140,6253
293,05/10/1988,13,Metropolitana,Cerrillos,Santiago,26145,61.56,16326,38.44,344,0.79,544,1.25,42471,43359
294,05/10/1988,13,Metropolitana,Cerro Navia,Santiago,53079,66.55,26675,33.45,802,0.98,1121,1.37,79754,81677
295,05/10/1988,13,Metropolitana,Colina,Tamarugal,9471,41.04,13609,58.96,294,1.24,265,1.12,23080,23639
296,05/10/1988,13,Metropolitana,Conchali,Concepción,62166,63.43,35839,36.57,839,0.84,1333,1.33,98005,100177
297,05/10/1988,13,Metropolitana,Curacavi,Melipilla,5341,53.10,4717,46.90,103,1.00,129,1.25,10058,10290
298,05/10/1988,13,Metropolitana,El Bosque,Santiago,52479,61.58,32742,38.42,780,0.90,1060,1.22,85221,87061
299,05/10/1988,13,Metropolitana,El Monte,Talagante,5500,46.72,6273,53.28,121,1.01,143,1.19,11773,12037
300,05/10/1988,13,Metropolitana,Estacion Central,Santiago,56916,64.41,31451,35.59,736,0.82,978,1.09,88367,90081
301,05/10/1988,13,Metropolitana,Huechuraba,Santiago,20282,66.24,10336,33.76,293,0.93,439,1.40,30618,31350
302,05/10/1988,13,Metropolitana,Independencia,Santiago,29330,58.62,20700,41.38,346,0.68,586,1.15,50030,50962
303,05/10/1988,13,Metropolitana,Isla De Maipo,Talagante,5671,55.76,4499,44.24,108,1.04,107,1.03,10170,10385
304,05/10/1988,13,Metropolitana,La Cisterna,Santiago,37175,58.75,26103,41.25,477,0.74,812,1.26,63278,64567
305,05/10/1988,13,Metropolitana,La Florida,Santiago,93264,63.19,54329,36.81,1093,0.73,1818,1.21,147593,150504
306,05/10/1988,13,Metropolitana,La Granja,Santiago,41448,64.71,22607,35.29,609,0.93,1061,1.61,64055,65725
307,05/10/1988,13,Metropolitana,La Pintana,Santiago,37462,67.71,17864,32.29,627,1.11,784,1.38,55326,56737
308,05/10/1988,13,Metropolitana,La Reina,Santiago,29437,52.81,26307,47.19,312,0.55,536,0.95,55744,56592
309,05/10/1988,13,Metropolitana,Lampa,Chacabuco,5881,49.29,6050,50.71,155,1.27,134,1.10,11931,12220
310,05/10/1988,13,Metropolitana,Las Condes,Santiago,50327,41.02,72357,58.98,622,0.50,1001,0.81,122684,124307
311,05/10/1988,13,Metropolitana,Lo Barnechea,Santiago,9045,47.26,10092,52.74,153,0.79,154,0.79,19137,19444
312,05/10/1988,13,Metropolitana,Lo Espejo,Santiago,45247,65.26,24085,34.74,637,0.90,871,1.23,69332,70840
313,05/10/1988,13,Metropolitana,Lo Prado,Santiago,40700,66.12,20852,33.88,490,0.78,786,1.25,61552,62828
314,05/10/1988,13,Metropolitana,Macul,Santiago,43684,62.47,26242,37.53,501,0.70,869,1.22,69926,71296
315,05/10/1988,13,Metropolitana,Maipu,Santiago,59142,62.85,34956,37.15,723,0.75,1168,1.22,94098,95989
316,05/10/1988,13,Metropolitana,Maria Pinto,Melipilla,2034,43.19,2675,56.81,56,1.16,48,1.00,4709,4813
317,05/10/1988,13,Metropolitana,Melipilla,Melipilla,20556,47.48,22742,52.52,574,1.29,585,1.32,43298,44457
318,05/10/1988,13,Metropolitana,Ñuñoa,Santiago,67789,57.29,50531,42.71,708,0.59,1012,0.84,118320,120040
319,05/10/1988,13,Metropolitana,Paine,Maipo,8113,42.58,10940,57.42,274,1.40,273,1.39,19053,19600
320,05/10/1988,13,Metropolitana,Pedro Aguirre Cerda,Santiago,55320,68.09,25931,31.91,683,0.82,1105,1.33,81251,83039
321,05/10/1988,13,Metropolitana,Peñaflor,Talagante,23900,60.88,15358,39.12,388,0.97,545,1.36,39258,40191
322,05/10/1988,13,Metropolitana,Peñalolen,Santiago,54729,63.56,31376,36.44,742,0.84,1301,1.48,86105,88148
323,05/10/1988,13,Metropolitana,Pirque,Cordillera,2531,40.67,3692,59.33,85,1.34,55,0.86,6223,6363
324,05/10/1988,13,Metropolitana,Providencia,Santiago,39504,42.49,53476,57.51,467,0.50,716,0.76,92980,94163
325,05/10/1988,13,Metropolitana,Pudahuel,Santiago,39979,63.91,22581,36.09,566,0.88,973,1.52,62560,64099
326,05/10/1988,13,Metropolitana,Puente Alto,Cordillera,57600,63.15,33609,36.85,912,0.97,1450,1.55,91209,93571
327,05/10/1988,13,Metropolitana,Quilicura,Santiago,10050,58.94,7002,41.06,174,0.99,267,1.53,17052,17493
328,05/10/1988,13,Metropolitana,Quinta Normal,Santiago,46516,62.70,27677,37.30,641,0.84,1025,1.35,74193,75859
329,05/10/1988,13,Metropolitana,Recoleta,Santiago,59280,61.70,36805,38.30,872,0.89,1189,1.21,96085,98146
330,05/10/1988,13,Metropolitana,Renca,Santiago,42470,63.96,23936,36.04,560,0.82,923,1.36,66406,67889
331,05/10/1988,13,Metropolitana,San Bernardo,Maipo,58436,59.49,39796,40.51,833,0.83,1279,1.27,98232,100344
332,05/10/1988,13,Metropolitana,San Joaquin,Santiago,46748,66.78,23260,33.22,636,0.89,1010,1.41,70008,71654
333,05/10/1988,13,Metropolitana,San Jose De Maipo,Cordillera,3309,52.56,2987,47.44,80,1.24,67,1.04,6296,6443
334,05/10/1988,13,Metropolitana,San Miguel,Santiago,35322,60.55,23010,39.45,497,0.84,594,1.00,58332,59423
335,05/10/1988,13,Metropolitana,San Pedro,Melipilla,1864,44.41,2333,55.59,90,2.07,69,1.58,4197,4356
336,05/10/1988,13,Metropolitana,San Ramon,Santiago,38387,66.36,19460,33.64,572,0.96,900,1.52,57847,59319
337,05/10/1988,13,Metropolitana,Santiago,Santiago,87849,55.13,71501,44.87,1132,0.70,1442,0.89,159350,161924
338,05/10/1988,13,Metropolitana,Talagante,Talagante,11053,48.90,11550,51.10,230,0.99,313,1.35,22603,23146
339,05/10/1988,13,Metropolitana,Tiltil,Chacabuco,3718,57.51,2747,42.49,117,1.76,83,1.25,6465,6665
340,05/10/1988,13,Metropolitana,Vitacura,Santiago,16543,35.07,30633,64.93,204,0.43,360,0.75,47176,47740